production_id,product_id,date,plant_id,machine_id,operator_id,shift,production_hours,target_units,actual_units,rejected_units
1,4,3-16-2025,5,7,69,Evening,10,257,249,3
2,5,08-05-2025,5,18,5,Night,9,206,199,5
3,5,9-24-2025,2,17,58,general,10,202,200,4
4,8,9-22-2025,5,12,61,Morning,11,449,429,6
5,4,02-08-2026,1,8,31,Evening,6,1097,1056,18
6,5,01-10-2026,3,10,8,general,10,225,227,3
7,6,09-08-2025,3,27,41,Morning,11,1181,1125,20
8,4,9-14-2025,5,43,24,Evening,8,457,448,12
9,4,05-05-2025,1,17,72,Morning,7,518,497,6
10,4,8-16-2025,3,14,81,Night,8,716,713,19
11,8,04-07-2025,6,20,61,Morning,10,932,955,14
12,8,03-02-2025,2,11,76,general,10,310,311,8
13,7,7-14-2025,2,24,86,Evening,11,659,682,10
14,4,03-06-2025,6,20,58,Evening,7,866,883,11
15,1,09-08-2025,5,18,12,Evening,6,453,455,6
16,4,7-21-2025,4,33,20,general,7,595,568,7
17,8,09-09-2025,4,7,71,Morning,7,203,206,5
18,7,7-30-2025,3,43,48,Morning,12,730,765,21
19,6,07-05-2025,1,11,33,Morning,11,878,846,18
20,2,03-08-2025,2,4,38,Night,10,470,487,6
21,6,02-06-2026,1,8,29,Morning,7,354,357,5
22,2,8-28-2025,3,15,22,Morning,9,441,439,10
23,2,6-24-2025,5,39,41,general,12,798,829,20
24,7,11-21-2025,4,13,20,general,9,1136,1116,33
25,3,9-29-2025,1,32,73,Morning,12,729,730,20
26,3,1-28-2026,5,14,78,general,7,1086,1044,29
27,4,7-31-2025,4,12,23,Night,7,438,451,9
28,5,06-04-2025,5,33,65,general,9,847,860,10
29,1,7-18-2025,1,3,55,Night,8,413,428,5
30,9,6-24-2025,6,25,72,Night,11,809,799,17
31,7,05-10-2025,4,35,83,general,7,585,600,11
32,7,12-27-2025,2,39,82,general,7,799,800,13
33,7,5-17-2025,4,25,35,Evening,9,1164,1126,26
34,7,4-27-2025,3,40,86,general,8,229,234,6
35,4,6-17-2025,5,30,5,general,12,200,193,5
36,3,1-26-2026,1,11,32,general,6,1015,1024,12
37,7,11-12-2025,6,22,18,Night,12,668,649,8
38,2,12-08-2025,4,44,1,Evening,9,877,841,14
39,5,10-05-2025,6,33,4,Evening,8,460,448,7
40,8,7-22-2025,6,14,53,Night,12,577,567,6
41,6,10-08-2025,5,19,84,Morning,10,1086,1105,29
42,7,11-12-2025,3,35,55,Night,12,931,967,12
43,9,09-10-2025,6,28,34,Evening,6,393,394,8
44,4,11-07-2025,1,3,87,general,7,948,912,21
45,7,2-22-2025,2,4,58,Night,8,850,875,17
46,8,03-07-2025,2,10,82,general,6,751,753,18
47,2,12-07-2025,1,36,42,Evening,11,1068,1091,31
48,1,3-20-2025,4,27,78,Morning,11,760,753,14
49,9,4-19-2025,1,44,75,Night,12,1074,1056,23
50,1,03-06-2025,6,38,67,Morning,9,792,830,20
51,8,3-23-2025,4,14,20,Night,10,822,838,17
52,2,5-24-2025,4,25,78,Morning,8,802,784,10
53,2,01-12-2026,6,45,44,Morning,12,850,837,21
54,2,7-18-2025,6,37,43,general,8,1165,1210,17
55,3,9-14-2025,5,12,39,Night,11,521,544,6
56,4,07-04-2025,2,17,14,Night,7,449,462,8
57,3,1-20-2026,3,40,74,general,10,247,244,3
58,6,8-15-2025,5,6,74,Evening,7,203,196,4
59,3,01-05-2026,4,35,30,Morning,8,277,274,8
60,1,3-31-2025,6,39,24,Morning,8,313,320,6
61,4,1-17-2026,1,24,25,Evening,11,925,915,9
62,2,6-23-2025,1,39,70,Night,9,886,847,22
63,1,9-14-2025,2,43,63,Morning,11,705,698,10
64,8,02-05-2026,6,17,39,Night,6,270,279,8
65,4,09-04-2025,6,41,11,Morning,10,684,686,16
66,8,01-01-2026,5,17,62,Morning,9,630,643,7
67,2,4-19-2025,1,16,33,Morning,9,730,757,8
68,1,4-21-2025,4,36,59,Night,8,816,779,8
69,1,3-15-2025,5,10,11,Night,11,1090,1065,16
70,2,7-13-2025,2,27,13,Evening,7,948,993,14
71,9,11-30-2025,1,4,18,Evening,12,1147,1102,32
72,7,8-13-2025,3,9,62,Morning,8,341,352,6
73,4,11-03-2025,3,6,15,general,8,210,208,5
74,7,5-28-2025,2,11,76,Morning,10,829,850,25
75,8,01-05-2026,4,2,21,Morning,8,710,732,11
76,8,9-19-2025,3,22,64,Morning,9,275,270,6
77,4,12-21-2025,6,33,7,Night,8,1019,995,11
78,8,6-27-2025,4,8,84,Morning,9,873,888,26
79,9,08-05-2025,4,25,82,Morning,7,881,858,13
80,3,07-01-2025,4,20,16,Evening,12,966,989,16
81,2,11-21-2025,6,2,63,Night,9,467,467,12
82,5,5-13-2025,4,34,65,general,11,266,265,8
83,4,04-12-2025,4,22,20,general,7,781,807,8
84,6,9-23-2025,3,33,72,Evening,10,954,921,21
85,8,11-01-2025,2,44,41,Evening,6,313,306,4
86,6,2-27-2025,1,33,32,Morning,12,493,490,11
87,4,10-04-2025,1,23,78,general,6,500,493,10
88,9,1-19-2026,5,5,84,Evening,9,527,518,13
89,7,10-04-2025,4,1,16,Night,6,728,708,17
90,3,07-09-2025,3,12,75,Night,8,814,815,14
91,6,10-25-2025,4,44,74,Night,10,1074,1078,26
92,4,8-24-2025,5,24,86,Evening,11,838,822,24
93,3,01-07-2026,1,13,71,Evening,12,681,670,16
94,1,1-18-2026,4,40,26,Evening,7,622,598,11
95,5,08-02-2025,4,35,81,Night,9,664,655,7
96,3,4-25-2025,6,30,74,Morning,11,884,878,12
97,2,4-19-2025,2,22,3,Evening,7,948,975,12
98,2,09-03-2025,1,33,77,Night,10,477,476,13
99,7,02-01-2026,2,33,48,Morning,9,721,685,11
100,3,11-18-2025,6,21,6,general,10,976,983,13
101,4,01-10-2026,5,13,89,Morning,8,680,653,7
102,8,08-03-2025,2,21,52,Evening,12,648,628,18
103,5,3-21-2025,5,13,40,Night,10,358,360,8
104,8,8-24-2025,1,33,8,Evening,11,659,676,12
105,1,6-21-2025,2,4,69,general,8,667,673,14
106,8,10-05-2025,5,38,4,Night,6,313,303,5
107,9,08-10-2025,4,17,6,Morning,7,553,569,7
108,5,8-13-2025,6,38,85,Morning,6,990,956,21
109,6,3-21-2025,4,42,68,Night,6,514,530,7
110,7,10-07-2025,4,8,25,Evening,7,433,445,6
111,4,8-15-2025,5,24,51,Morning,8,457,467,5
112,3,05-02-2025,6,8,5,Evening,7,694,716,9
113,8,3-30-2025,1,31,65,Morning,6,972,956,24
114,3,12-13-2025,4,1,89,Evening,11,607,591,10
115,3,7-31-2025,1,18,1,Morning,8,305,297,4
116,8,09-04-2025,6,20,30,general,9,1096,1132,20
117,1,3-15-2025,4,32,74,Evening,12,598,577,9
118,9,10-11-2025,1,35,70,Night,6,272,270,6
119,1,2-13-2026,5,12,66,Night,10,983,1025,29
120,3,7-18-2025,6,20,25,general,7,453,472,11
121,5,5-26-2025,3,16,27,Evening,7,660,643,14
122,9,09-04-2025,3,24,39,Night,6,384,391,6
123,2,7-26-2025,4,41,34,Morning,12,302,294,8
124,6,2-25-2025,5,29,72,Night,6,470,480,13
125,5,8-29-2025,6,44,17,Evening,8,685,693,8
126,1,1-28-2026,5,36,90,Morning,12,429,427,11
127,2,11-22-2025,6,25,46,general,11,300,299,6
128,6,06-11-2025,2,33,23,Evening,10,345,350,6
129,3,01-03-2026,2,45,79,general,8,292,281,8
130,7,2-24-2025,3,1,1,Night,11,208,210,5
131,7,02-02-2026,6,1,76,Evening,8,209,202,4
132,7,3-22-2025,6,27,40,Morning,12,1184,1212,35
133,5,2-16-2026,5,41,16,Evening,11,1074,1108,20
134,2,4-14-2025,2,40,79,Morning,9,412,427,8
135,6,1-18-2026,5,38,62,Night,10,734,757,15
136,1,5-18-2025,4,24,11,Morning,9,451,458,8
137,8,3-26-2025,3,2,11,Night,9,1029,1031,30
138,2,3-20-2025,5,42,25,Evening,6,516,510,11
139,6,12-03-2025,1,40,4,Night,7,655,657,7
140,6,9-23-2025,2,4,29,Morning,9,827,846,15
141,8,6-23-2025,1,3,65,Evening,11,972,930,13
142,1,8-31-2025,5,13,65,Evening,10,406,410,10
143,7,6-15-2025,5,25,47,Night,10,650,627,14
144,4,10-08-2025,3,14,50,general,8,1104,1100,32
145,7,08-01-2025,5,19,89,Morning,7,634,618,13
146,3,6-29-2025,2,15,33,Night,7,600,628,9
147,5,3-19-2025,4,32,60,Evening,11,685,682,15
148,6,10-03-2025,2,35,14,Morning,10,1154,1133,26
149,3,10-04-2025,5,20,44,Evening,7,1092,1057,16
150,1,11-02-2025,5,7,48,Evening,9,498,501,8
151,2,9-15-2025,2,24,87,Evening,8,646,662,7
152,1,8-18-2025,6,20,55,Night,8,722,735,13
153,6,07-05-2025,6,19,82,Evening,11,271,280,3
154,2,12-04-2025,4,14,76,general,6,652,640,9
155,9,08-02-2025,3,22,64,Night,7,227,225,4
156,6,1-25-2026,6,34,29,general,7,790,813,24
157,7,1-25-2026,6,3,66,Evening,11,958,911,13
158,7,12-21-2025,4,28,89,Morning,12,403,419,11
159,8,12-16-2025,3,38,67,Evening,7,490,503,8
160,4,12-12-2025,5,35,88,general,7,544,561,6
161,9,11-30-2025,3,10,4,Night,8,891,883,9
162,9,1-20-2026,3,31,31,Morning,6,786,795,16
163,3,11-07-2025,1,25,39,Evening,11,845,803,21
164,1,05-05-2025,4,25,1,general,12,268,261,6
165,6,5-29-2025,2,4,33,general,10,714,749,22
166,4,02-05-2026,2,20,35,Evening,12,1018,1059,11
167,5,3-18-2025,6,30,68,Night,12,215,212,6
168,5,07-01-2025,6,40,73,Evening,6,755,761,8
169,2,08-11-2025,3,35,67,Morning,10,625,635,8
170,3,3-22-2025,6,6,86,Evening,10,261,251,5
171,4,05-10-2025,5,13,36,Evening,11,305,296,6
172,7,03-03-2025,5,18,88,Night,12,587,572,8
173,2,03-02-2025,4,41,24,Night,7,562,536,7
174,1,09-07-2025,3,20,47,Night,9,676,675,11
175,6,07-02-2025,5,37,66,Night,9,1110,1056,25
176,5,9-19-2025,3,1,28,Evening,12,259,255,5
177,8,3-30-2025,1,20,87,Morning,7,569,549,9
178,7,10-07-2025,2,7,21,general,12,1186,1128,13
179,2,8-16-2025,1,33,66,Night,10,1017,967,15
180,6,9-21-2025,2,38,19,general,6,946,900,23
181,3,6-28-2025,3,28,57,Night,9,990,955,10
182,2,04-12-2025,5,41,56,Evening,12,366,379,6
183,8,7-28-2025,3,3,8,general,7,665,665,9
184,4,11-13-2025,4,44,3,Evening,11,821,810,22
185,1,07-11-2025,5,12,71,Evening,12,698,701,9
186,5,11-19-2025,3,30,30,Morning,12,598,605,8
187,5,06-01-2025,4,23,28,Night,7,855,816,17
188,4,09-12-2025,5,21,26,Morning,9,542,549,10
189,3,12-19-2025,4,12,37,Evening,9,704,709,19
190,9,11-26-2025,3,4,75,general,11,778,805,24
191,8,12-16-2025,3,22,50,general,12,400,414,11
192,2,5-27-2025,3,12,29,Evening,11,1154,1189,31
193,2,7-18-2025,4,44,78,Evening,7,959,962,17
194,7,04-10-2025,4,9,6,Morning,6,495,502,8
195,9,6-23-2025,2,43,45,general,8,259,252,5
196,9,1-31-2026,1,27,29,Night,11,772,756,14
197,1,3-29-2025,5,1,87,Evening,7,1024,1053,14
198,1,03-02-2025,5,6,46,Evening,9,847,828,10
199,4,11-25-2025,6,41,72,Night,10,901,865,21
200,9,11-24-2025,4,33,25,Morning,11,998,971,25
201,3,3-31-2025,6,40,33,Evening,6,606,607,7
202,9,11-21-2025,3,4,78,Evening,9,520,532,7
203,7,3-28-2025,4,1,82,general,8,279,282,5
204,6,11-21-2025,1,32,39,Morning,7,930,899,26
205,2,1-15-2026,1,9,54,Evening,6,1071,1032,17
206,4,1-24-2026,1,36,42,general,7,574,597,6
207,4,03-06-2025,5,22,26,Night,9,833,835,18
208,2,01-06-2026,5,21,48,Evening,9,881,879,26
209,6,05-08-2025,4,39,13,Night,9,877,848,19
210,9,11-15-2025,1,32,63,general,8,378,360,8
211,9,7-29-2025,1,44,29,Evening,7,1143,1145,24
212,5,9-23-2025,1,42,44,Morning,9,548,571,16
213,9,04-11-2025,1,45,39,general,6,968,934,22
214,5,1-30-2026,5,22,85,general,9,583,595,6
215,1,11-11-2025,1,8,82,Morning,11,295,289,5
216,4,11-29-2025,6,9,69,general,12,1131,1120,21
217,3,10-13-2025,6,26,16,Night,10,508,524,7
218,9,3-15-2025,5,11,52,Morning,9,772,769,11
219,5,7-25-2025,4,6,11,general,12,852,879,20
220,1,04-10-2025,4,43,79,Morning,6,816,854,11
221,8,05-10-2025,1,43,48,Night,12,958,978,24
222,5,06-01-2025,4,10,31,Night,9,565,556,13
223,9,1-17-2026,2,15,17,Evening,11,612,584,6
224,7,3-31-2025,6,4,28,Evening,7,578,602,14
225,5,10-10-2025,1,40,73,Evening,10,1190,1201,16
226,7,9-30-2025,3,2,55,Evening,10,815,816,23
227,8,3-18-2025,3,34,85,Morning,8,205,197,3
228,2,5-28-2025,1,38,23,general,9,1002,973,16
229,4,12-01-2025,1,9,79,Night,9,777,788,19
230,1,8-24-2025,5,8,45,Evening,12,848,864,13
231,9,9-24-2025,5,37,56,Morning,7,977,963,13
232,6,8-25-2025,1,19,2,Morning,6,1094,1084,26
233,9,8-15-2025,5,30,9,Evening,12,1031,1072,29
234,4,7-28-2025,1,26,23,Morning,7,612,614,12
235,3,9-24-2025,3,36,61,Morning,8,914,917,13
236,5,08-01-2025,1,8,79,general,8,497,481,5
237,9,6-27-2025,3,9,80,Evening,7,809,805,20
238,6,03-07-2025,1,32,39,Evening,6,498,493,8
239,6,06-12-2025,2,24,23,general,7,1017,971,21
240,3,6-14-2025,4,3,55,Morning,6,1141,1085,19
241,2,9-24-2025,4,27,74,Morning,9,683,709,17
242,2,03-07-2025,4,27,4,Morning,12,746,756,15
243,2,2-21-2026,5,37,15,Night,9,677,694,18
244,5,2-19-2026,1,6,32,Evening,8,767,766,15
245,3,07-08-2025,3,8,43,Morning,12,1146,1098,13
246,8,09-06-2025,3,30,90,Night,12,508,497,7
247,9,03-09-2025,4,6,55,Morning,10,1111,1148,28
248,5,09-07-2025,2,44,30,general,6,247,254,6
249,1,03-09-2025,3,44,59,Evening,7,565,542,8
250,9,12-11-2025,3,26,58,Night,10,512,518,10
251,6,12-27-2025,4,45,42,Morning,11,586,569,16
252,1,11-01-2025,3,41,25,Night,9,406,422,6
253,5,6-14-2025,5,43,29,general,9,374,363,5
254,3,7-21-2025,5,11,23,general,9,279,274,6
255,8,2-20-2026,4,17,31,Evening,8,439,446,6
256,6,8-25-2025,4,40,90,Night,10,797,830,16
257,3,10-08-2025,3,17,24,general,12,841,875,22
258,1,04-07-2025,1,43,6,Morning,10,458,449,7
259,5,11-20-2025,2,21,67,Morning,9,680,708,11
260,3,11-17-2025,1,32,18,general,9,1188,1247,20
261,7,12-05-2025,5,10,81,general,7,260,268,6
262,5,01-10-2026,5,44,80,Night,10,304,313,3
263,3,3-17-2025,6,8,66,Night,8,499,519,7
264,2,10-05-2025,2,22,37,Night,6,1049,1076,25
265,9,6-26-2025,3,36,19,Morning,6,740,715,10
266,2,12-19-2025,5,20,6,Evening,7,432,437,6
267,4,09-02-2025,2,16,4,general,11,270,266,3
268,3,11-03-2025,2,14,76,Night,6,806,773,12
269,2,8-17-2025,3,14,51,Night,9,1075,1082,19
270,3,04-03-2025,4,42,63,Evening,12,993,1032,19
271,8,6-26-2025,6,32,34,Morning,8,1089,1068,13
272,9,7-14-2025,5,11,86,Night,10,365,357,9
273,4,4-25-2025,2,21,22,Night,8,1135,1189,21
274,1,7-28-2025,3,8,52,Night,10,451,456,12
275,8,03-05-2025,6,2,83,Morning,11,393,403,12
276,9,8-27-2025,3,3,37,general,8,1131,1104,13
277,5,04-03-2025,3,17,15,general,10,479,486,12
278,3,5-27-2025,1,5,43,Evening,10,867,830,14
279,8,07-05-2025,4,15,46,Night,12,1040,1087,24
280,2,7-15-2025,6,37,57,Morning,11,803,823,18
281,5,7-14-2025,2,16,41,Night,11,1081,1092,17
282,3,02-10-2026,5,38,82,general,9,784,767,20
283,5,12-29-2025,2,23,38,Night,10,384,398,6
284,8,10-07-2025,3,30,8,Evening,6,955,943,13
285,8,02-10-2026,4,7,36,general,7,403,413,10
286,9,6-22-2025,2,7,55,Night,8,1021,992,16
287,6,04-01-2025,2,35,15,Morning,12,1195,1193,17
288,4,8-24-2025,4,29,33,Night,10,1136,1130,17
289,6,6-15-2025,2,36,81,general,11,561,562,7
290,4,02-07-2026,5,22,14,Morning,7,569,583,8
291,6,2-24-2025,3,33,51,Evening,12,363,379,10
292,7,12-14-2025,5,31,32,Evening,10,750,735,12
293,9,08-11-2025,6,28,21,Night,12,1084,1043,26
294,1,11-29-2025,2,36,48,general,12,989,955,27
295,7,10-29-2025,1,6,68,general,7,606,630,16
296,4,6-21-2025,6,22,35,Evening,8,852,895,26
297,5,3-26-2025,2,23,64,Night,12,697,673,8
298,6,2-19-2026,4,25,60,Night,6,355,370,4
299,8,10-26-2025,5,1,11,Morning,11,882,882,10
300,4,2-16-2026,4,22,24,Evening,7,1065,1081,18
301,2,7-14-2025,6,40,22,Night,8,425,435,6
302,8,12-31-2025,1,3,13,Night,10,1004,1001,23
303,2,06-10-2025,5,33,22,Morning,9,1087,1131,32
304,8,2-18-2026,5,22,26,Night,6,238,234,4
305,8,12-26-2025,2,38,77,Evening,10,246,250,4
306,1,02-12-2026,2,16,90,general,7,1077,1114,30
307,1,02-12-2026,2,36,70,Morning,11,787,787,13
308,8,9-22-2025,1,28,46,general,9,937,980,20
309,2,12-07-2025,2,16,21,Evening,11,564,586,9
310,2,8-14-2025,5,25,84,Night,7,211,218,4
311,3,10-21-2025,3,12,40,Evening,11,811,814,9
312,9,11-29-2025,4,33,13,Morning,6,623,618,15
313,8,08-03-2025,2,36,90,Morning,10,549,550,13
314,6,6-21-2025,6,13,52,general,10,842,842,18
315,9,10-27-2025,2,9,69,Evening,12,999,995,19
316,2,08-09-2025,1,30,46,Morning,10,793,771,10
317,7,03-06-2025,1,40,89,general,6,203,196,5
318,6,04-05-2025,5,29,19,Evening,6,1056,1103,28
319,4,09-02-2025,5,25,50,general,10,434,419,11
320,8,01-12-2026,6,33,13,Morning,6,466,481,14
321,1,9-17-2025,6,24,27,general,10,538,517,15
322,2,5-18-2025,5,22,10,Morning,8,555,578,13
323,2,12-19-2025,4,12,89,Evening,10,362,357,10
324,2,1-26-2026,2,37,85,Morning,11,678,707,9
325,8,4-29-2025,5,27,14,Evening,7,929,945,12
326,7,10-20-2025,3,5,67,Morning,8,855,885,12
327,1,6-15-2025,5,24,46,Morning,7,736,764,8
328,1,9-28-2025,3,24,63,Morning,12,1183,1232,16
329,9,5-13-2025,5,7,35,Night,7,248,239,4
330,8,9-19-2025,3,10,13,Evening,10,460,461,9
331,8,11-18-2025,2,44,77,Morning,12,607,579,13
332,8,10-20-2025,2,21,40,general,6,513,508,7
333,9,05-12-2025,5,35,72,general,8,1147,1125,16
334,7,6-16-2025,2,21,23,Morning,10,764,797,9
335,6,06-08-2025,2,2,82,Evening,10,1034,1043,22
336,3,08-08-2025,3,35,6,Morning,8,1008,974,22
337,3,3-27-2025,4,4,86,Evening,8,272,275,7
338,8,07-06-2025,5,20,25,general,8,1077,1087,16
339,3,03-12-2025,1,43,79,general,10,643,659,11
340,1,8-18-2025,4,29,81,general,11,825,794,20
341,6,11-01-2025,2,5,26,general,7,1126,1154,33
342,2,03-04-2025,4,29,17,general,7,363,349,8
343,4,1-13-2026,2,23,65,Night,11,528,522,5
344,8,4-25-2025,5,17,80,Morning,9,725,751,18
345,4,9-17-2025,5,35,40,Night,11,477,493,12
346,9,03-04-2025,4,30,83,general,6,376,393,5
347,6,01-05-2026,2,21,21,Evening,12,465,446,12
348,6,09-10-2025,5,13,36,general,11,205,195,5
349,7,10-12-2025,1,25,10,Night,7,264,267,4
350,2,8-21-2025,6,32,45,Evening,12,539,531,11
351,5,10-04-2025,5,4,76,Morning,10,549,548,14
352,3,5-30-2025,5,19,85,Evening,8,443,443,8
353,3,8-18-2025,2,43,72,Evening,10,764,792,12
354,1,03-06-2025,5,23,53,Night,10,686,665,19
355,5,09-03-2025,1,39,51,Evening,11,449,461,11
356,2,2-14-2026,6,30,20,Night,8,364,365,10
357,6,12-07-2025,2,20,58,general,7,642,610,17
358,2,3-17-2025,1,43,25,general,10,219,212,3
359,6,11-11-2025,2,39,77,Morning,6,1153,1184,24
360,7,02-09-2026,3,6,49,Night,6,1069,1061,20
361,7,06-10-2025,1,32,52,general,11,334,322,4
362,2,3-22-2025,3,8,9,Evening,10,861,845,9
363,3,09-12-2025,6,38,14,Evening,10,666,672,12
364,3,7-25-2025,2,31,7,Morning,9,560,579,15
365,6,06-01-2025,2,20,13,general,10,952,972,20
366,5,03-07-2025,5,22,61,Morning,8,534,517,14
367,1,12-15-2025,6,20,48,Night,10,231,224,3
368,8,11-25-2025,3,9,73,Night,7,520,513,13
369,7,11-09-2025,4,45,17,general,11,328,329,5
370,7,12-09-2025,5,4,47,Evening,12,563,558,14
371,7,03-03-2025,3,5,9,Evening,10,902,912,20
372,9,10-31-2025,1,29,44,Evening,6,540,523,12
373,8,10-08-2025,1,20,87,general,7,579,606,15
374,4,1-27-2026,6,32,4,general,6,481,486,13
375,1,3-28-2025,5,41,15,Morning,12,661,675,11
376,4,07-12-2025,5,17,55,Night,11,626,654,9
377,7,07-06-2025,1,15,69,Evening,7,1089,1049,29
378,5,07-09-2025,6,10,21,Evening,9,1110,1130,21
379,6,05-08-2025,1,24,69,Evening,11,870,890,10
380,1,06-07-2025,2,14,77,general,12,498,511,12
381,8,7-14-2025,5,6,43,Night,12,605,606,12
382,7,10-09-2025,5,19,47,Morning,11,545,531,10
383,5,11-22-2025,2,28,56,general,10,269,258,3
384,2,08-05-2025,6,39,43,Evening,12,398,387,9
385,9,1-13-2026,6,24,6,Morning,7,592,571,17
386,3,8-27-2025,6,45,79,Morning,9,1050,1060,12
387,9,10-14-2025,2,38,17,Morning,11,902,932,26
388,7,4-25-2025,6,9,87,Night,12,774,799,16
389,8,2-28-2025,4,41,45,Evening,6,922,897,16
390,7,3-31-2025,2,43,51,Evening,10,1181,1175,27
391,5,11-15-2025,1,39,48,general,11,1114,1081,16
392,4,7-13-2025,1,39,17,Evening,10,782,808,11
393,5,10-26-2025,3,8,26,Night,12,583,586,13
394,9,12-04-2025,2,28,6,general,11,907,928,16
395,7,03-05-2025,3,39,19,general,6,212,204,3
396,7,12-16-2025,5,21,52,Evening,9,218,214,2
397,1,05-07-2025,5,12,49,Morning,10,266,269,7
398,4,09-07-2025,4,24,64,Morning,10,1146,1185,29
399,4,6-26-2025,2,34,11,Morning,11,557,578,7
400,5,10-10-2025,3,26,57,Morning,6,1159,1209,24
401,1,02-01-2026,5,37,50,Night,10,459,440,8
402,7,06-04-2025,2,18,1,general,9,885,877,10
403,7,1-15-2026,4,11,17,Evening,12,521,542,8
404,4,10-02-2025,6,26,20,general,10,653,667,12
405,7,5-20-2025,4,22,58,Morning,9,329,326,4
406,4,9-14-2025,4,9,44,Morning,8,770,744,14
407,9,5-25-2025,2,23,56,Evening,6,386,402,9
408,1,2-19-2026,5,44,35,Evening,8,313,319,4
409,4,12-08-2025,6,33,42,Morning,8,1125,1160,30
410,9,10-19-2025,5,21,62,general,11,529,525,11
411,5,4-28-2025,2,41,45,Night,12,1038,1039,30
412,8,03-09-2025,4,13,11,Evening,7,625,630,11
413,3,05-07-2025,3,36,89,general,9,1019,1017,25
414,7,07-05-2025,5,6,77,Morning,6,314,323,6
415,5,02-03-2026,5,16,38,Evening,7,906,942,12
416,3,1-22-2026,1,45,68,Evening,9,563,535,7
417,4,03-01-2025,3,25,23,Morning,9,923,919,14
418,7,07-12-2025,6,8,80,Morning,6,975,956,13
419,4,4-13-2025,1,11,66,Evening,11,241,251,7
420,1,3-17-2025,5,13,9,Evening,10,948,908,10
421,6,07-03-2025,1,5,19,Evening,10,849,857,17
422,2,11-27-2025,2,28,21,Morning,10,465,482,9
423,9,1-23-2026,2,36,10,Night,10,352,335,6
424,8,06-09-2025,6,39,34,Night,8,743,728,14
425,1,08-01-2025,2,5,32,Evening,9,347,345,8
426,3,03-12-2025,2,26,12,Morning,9,1167,1130,18
427,5,1-23-2026,5,20,14,Morning,11,842,812,17
428,4,12-18-2025,4,35,86,general,12,963,988,22
429,2,05-10-2025,3,28,80,general,8,1113,1163,23
430,7,10-31-2025,6,40,15,Evening,6,749,712,21
431,7,8-14-2025,4,22,71,Morning,11,275,289,7
432,6,8-21-2025,4,38,72,Morning,6,593,596,15
433,3,12-29-2025,4,39,41,Morning,7,769,773,12
434,7,2-18-2026,3,14,20,general,9,432,432,6
435,2,6-27-2025,1,10,69,Morning,8,362,371,6
436,1,02-10-2026,5,22,49,general,10,510,495,10
437,7,2-21-2026,5,44,68,Night,6,619,593,11
438,7,6-23-2025,2,33,63,Night,8,411,422,9
439,9,7-24-2025,3,37,43,Evening,7,936,918,18
440,6,08-03-2025,3,35,35,Evening,6,531,522,11
441,5,9-26-2025,1,23,65,Evening,7,1111,1165,29
442,5,06-02-2025,3,3,78,general,8,1141,1159,27
443,2,3-31-2025,4,18,42,Night,11,836,832,20
444,7,7-17-2025,6,12,79,Night,9,837,863,22
445,1,06-04-2025,2,35,23,general,8,796,817,14
446,6,03-11-2025,1,34,26,Morning,7,586,592,11
447,8,10-05-2025,3,20,35,Morning,7,982,938,21
448,9,7-18-2025,1,12,87,general,6,632,601,6
449,9,06-08-2025,4,41,84,Morning,8,1116,1065,23
450,1,1-13-2026,3,42,63,Night,6,234,228,7
451,7,4-25-2025,5,13,38,general,7,1062,1037,21
452,7,12-11-2025,1,15,73,Morning,6,610,581,16
453,1,6-17-2025,4,28,57,Morning,9,456,452,9
454,4,01-02-2026,2,14,64,Evening,6,760,775,12
455,9,6-23-2025,4,5,63,general,7,707,695,9
456,2,07-05-2025,5,17,47,Evening,7,1077,1128,19
457,9,12-23-2025,2,28,73,Evening,11,1026,1054,20
458,2,07-05-2025,1,45,42,Evening,7,234,233,3
459,2,5-20-2025,3,27,33,Morning,10,424,426,6
460,3,11-01-2025,1,45,2,general,8,698,688,9
461,5,07-02-2025,4,11,36,Evening,9,498,507,12
462,4,08-10-2025,2,22,35,Night,9,209,214,2
463,6,07-08-2025,2,40,33,general,9,234,240,6
464,7,4-20-2025,2,9,79,general,10,369,365,5
465,4,12-15-2025,4,13,48,Night,9,326,335,7
466,6,4-26-2025,5,13,47,general,8,888,870,14
467,6,9-15-2025,6,42,8,general,6,1092,1077,32
468,6,8-24-2025,1,32,74,Evening,8,882,897,21
469,1,3-14-2025,1,9,55,Morning,7,974,981,10
470,5,8-28-2025,1,10,19,Night,8,913,950,27
471,7,10-18-2025,4,38,44,Morning,8,1164,1188,19
472,5,3-21-2025,3,26,19,Night,10,582,558,14
473,7,8-24-2025,6,16,35,Night,10,1192,1243,15
474,2,3-29-2025,5,2,17,Night,9,567,560,15
475,7,11-29-2025,4,3,4,Morning,9,353,339,6
476,2,04-10-2025,1,12,7,general,10,485,476,10
477,6,10-25-2025,2,22,46,Night,7,862,850,9
478,6,02-05-2026,4,22,87,Evening,10,1124,1102,13
479,9,10-24-2025,6,14,7,Night,12,313,307,9
480,1,10-07-2025,2,35,73,general,8,1180,1143,27
481,4,1-21-2026,6,12,89,Morning,8,380,394,11
482,2,12-07-2025,3,44,20,Night,6,936,964,15
483,2,03-03-2025,4,26,1,general,7,1132,1149,34
484,8,2-24-2025,5,23,32,Evening,8,713,722,17
485,2,4-24-2025,1,26,69,Night,11,408,410,11
486,9,09-10-2025,2,24,38,Night,7,1055,1065,23
487,8,05-09-2025,1,31,65,Morning,12,1092,1073,20
488,7,8-25-2025,6,10,7,general,7,363,354,8
489,7,8-28-2025,3,23,9,Morning,11,444,427,9
490,6,7-28-2025,3,5,46,Night,10,1076,1088,21
491,9,03-04-2025,2,45,67,Evening,7,353,352,5
492,9,01-07-2026,5,23,46,Night,6,767,790,22
493,3,8-15-2025,6,31,63,general,8,822,808,22
494,2,03-11-2025,6,20,11,Night,8,350,354,4
495,1,08-07-2025,4,26,28,Night,12,799,808,16
496,6,12-27-2025,2,29,11,Morning,8,577,600,17
497,4,8-23-2025,1,35,74,Night,9,267,270,6
498,5,12-17-2025,2,30,40,Evening,6,325,321,8
499,8,2-15-2026,3,21,12,Evening,9,1043,1024,22
500,6,6-16-2025,5,15,28,Night,7,593,618,17
501,5,12-18-2025,2,35,58,general,12,1004,996,16
502,3,1-28-2026,2,4,59,Night,11,258,263,3
503,9,4-13-2025,5,1,35,Night,11,560,555,7
504,1,01-02-2026,1,1,18,general,9,507,523,9
505,2,7-30-2025,6,41,26,Night,10,414,427,5
506,8,7-14-2025,6,18,71,Evening,11,739,770,12
507,7,8-22-2025,5,5,7,general,7,1068,1021,18
508,2,10-24-2025,1,35,75,Night,9,800,792,12
509,7,11-01-2025,1,3,25,Evening,12,1062,1107,32
510,7,8-29-2025,1,33,7,Morning,10,791,782,9
511,3,04-07-2025,1,39,68,Night,8,1067,1111,12
512,5,06-03-2025,2,38,78,Night,9,528,548,15
513,5,5-23-2025,4,20,47,Evening,11,853,811,16
514,5,8-19-2025,6,32,70,Evening,11,704,689,12
515,6,3-24-2025,4,36,59,general,7,491,479,10
516,5,1-17-2026,3,26,11,Night,12,1084,1062,26
517,7,06-02-2025,1,3,56,general,6,771,745,17
518,9,7-21-2025,5,31,84,Morning,7,1153,1120,27
519,2,05-01-2025,1,1,40,Morning,10,317,328,7
520,9,7-27-2025,5,2,77,Morning,11,672,658,18
521,5,09-09-2025,1,32,26,Morning,11,240,245,5
522,6,7-20-2025,6,17,4,general,9,1140,1182,14
523,3,9-16-2025,4,42,15,Evening,12,773,781,11
524,5,7-19-2025,6,43,84,Morning,9,284,274,6
525,4,1-19-2026,6,39,69,Evening,6,765,796,8
526,9,10-16-2025,2,3,40,general,8,942,932,25
527,4,10-20-2025,2,16,20,Night,12,994,986,29
528,8,4-14-2025,5,14,37,general,11,1016,1033,25
529,3,01-12-2026,5,30,75,Morning,12,382,380,6
530,1,01-09-2026,1,32,11,Night,8,942,954,17
531,1,11-20-2025,1,25,58,Morning,6,828,865,10
532,6,06-12-2025,5,33,77,Night,8,484,504,5
533,1,05-10-2025,1,19,63,Morning,9,659,684,17
534,2,1-19-2026,3,26,70,Evening,9,788,761,20
535,7,04-12-2025,2,5,52,Morning,12,329,319,9
536,4,4-30-2025,1,1,2,Morning,8,1169,1148,12
537,7,11-09-2025,4,27,35,general,12,411,427,12
538,2,05-06-2025,1,11,51,Morning,8,866,882,21
539,9,2-15-2026,3,29,82,Night,8,970,941,14
540,8,06-12-2025,1,16,29,Night,12,876,843,22
541,8,04-10-2025,1,10,41,Morning,8,423,428,12
542,8,2-23-2025,5,26,62,Night,9,332,338,10
543,5,1-15-2026,3,44,63,Evening,11,323,322,7
544,5,12-27-2025,1,22,14,Evening,6,440,422,13
545,3,01-02-2026,1,21,40,general,10,267,273,5
546,1,10-29-2025,2,27,19,Night,7,1194,1229,27
547,1,10-10-2025,2,24,59,Evening,9,279,277,8
548,5,6-16-2025,1,16,65,Evening,11,1054,1068,19
549,6,3-22-2025,1,12,86,Morning,11,454,451,10
550,5,10-30-2025,6,23,44,Morning,9,560,559,7
551,4,11-10-2025,6,33,82,general,9,651,679,17
552,7,12-21-2025,5,6,21,Morning,6,823,829,8
553,9,07-10-2025,2,38,63,Night,12,1171,1123,30
554,2,12-09-2025,3,15,4,Evening,10,573,573,13
555,2,6-30-2025,1,23,50,Morning,10,1185,1177,14
556,7,5-29-2025,3,40,57,general,11,1005,1048,12
557,5,4-14-2025,1,28,73,Evening,9,1065,1118,12
558,2,12-15-2025,5,37,12,general,10,218,222,7
559,2,10-16-2025,4,39,39,general,11,1200,1250,15
560,6,6-28-2025,6,15,17,Morning,12,714,725,16
561,7,9-27-2025,6,36,72,Evening,11,1107,1115,27
562,2,09-07-2025,3,17,28,Evening,10,462,441,8
563,4,5-23-2025,4,25,7,Morning,6,1111,1145,28
564,2,9-15-2025,6,36,61,Evening,10,766,754,22
565,1,1-16-2026,5,40,89,general,7,354,363,8
566,3,10-30-2025,3,37,61,Morning,12,642,655,18
567,4,09-08-2025,6,11,46,Evening,10,226,222,4
568,6,11-26-2025,1,33,8,Morning,8,986,957,28
569,1,10-02-2025,3,34,6,Evening,8,1046,1001,27
570,6,6-22-2025,2,16,13,Night,8,738,764,12
571,3,8-25-2025,3,38,35,Evening,10,228,228,5
572,5,10-06-2025,5,21,34,general,8,1193,1161,25
573,8,02-02-2026,4,2,25,Evening,6,552,526,13
574,9,07-07-2025,3,26,3,Night,7,982,1001,14
575,2,8-25-2025,3,37,21,general,7,668,672,10
576,1,12-11-2025,5,22,20,Night,12,953,990,22
577,6,8-26-2025,3,23,55,Morning,8,673,678,19
578,6,3-17-2025,1,40,36,general,6,598,591,15
579,1,5-22-2025,5,1,57,Night,10,760,790,15
580,1,2-27-2025,5,34,83,Night,9,1196,1252,25
581,3,8-24-2025,4,7,52,Night,12,995,1040,28
582,8,11-15-2025,1,44,52,Night,6,674,658,14
583,3,04-05-2025,6,16,83,Night,6,1009,1033,15
584,5,11-12-2025,2,19,68,Night,11,461,474,11
585,1,1-18-2026,5,20,52,general,10,954,939,20
586,5,7-29-2025,1,24,63,Morning,10,239,230,5
587,3,4-29-2025,6,7,36,general,7,1165,1185,20
588,8,03-11-2025,4,15,10,Night,9,1145,1187,15
589,9,5-19-2025,5,21,29,Night,9,272,264,4
590,2,8-20-2025,6,21,85,Evening,10,765,727,11
591,9,09-08-2025,1,15,2,Evening,12,1189,1191,14
592,6,9-15-2025,1,8,30,Night,7,1006,976,17
593,3,8-25-2025,5,17,21,Night,8,370,388,7
594,3,3-20-2025,2,4,10,Evening,11,299,313,8
595,9,05-09-2025,4,41,7,Evening,6,666,638,15
596,8,02-11-2026,1,42,30,Night,8,460,437,13
597,4,3-22-2025,6,8,68,general,8,229,234,3
598,1,12-27-2025,3,30,2,Morning,10,1035,1013,21
599,6,3-15-2025,3,28,79,Night,7,202,193,4
600,5,02-01-2026,1,41,71,general,6,245,238,4
601,5,10-12-2025,4,24,50,Evening,11,593,593,12
602,8,5-25-2025,3,30,8,Night,8,316,326,6
603,6,5-19-2025,4,15,22,general,7,374,360,7
604,2,3-31-2025,6,23,81,Night,11,270,263,3
605,8,01-05-2026,3,13,55,Evening,12,1029,1058,25
606,6,9-22-2025,2,31,65,general,11,689,697,15
607,3,6-14-2025,2,3,54,Morning,12,520,519,7
608,3,2-24-2025,5,2,3,Night,7,1037,1055,26
609,3,7-26-2025,6,36,81,Night,9,1118,1104,12
610,5,1-28-2026,5,22,79,Night,8,926,914,27
611,2,12-31-2025,2,3,75,Night,10,461,458,13
612,4,1-24-2026,6,36,47,Evening,8,368,376,5
613,1,8-31-2025,1,29,3,Morning,6,499,505,9
614,5,05-03-2025,6,5,72,Night,10,769,738,10
615,6,12-24-2025,5,17,47,general,8,752,768,12
616,2,6-13-2025,6,24,37,Evening,11,407,403,9
617,5,08-10-2025,3,27,1,Evening,8,226,233,5
618,5,5-23-2025,2,7,55,Night,7,965,1011,11
619,3,11-18-2025,6,7,17,Evening,8,1151,1159,31
620,9,09-12-2025,3,21,44,Night,6,254,244,5
621,3,03-07-2025,1,5,31,general,12,1096,1068,16
622,8,10-19-2025,6,2,32,Night,10,874,854,19
623,8,03-08-2025,1,12,66,Night,9,597,581,15
624,5,08-01-2025,2,20,62,general,10,229,231,5
625,8,06-07-2025,6,37,88,Morning,6,1032,1053,28
626,4,11-16-2025,4,40,54,Night,11,235,230,3
627,2,10-11-2025,5,10,90,general,10,1028,1070,23
628,9,7-13-2025,5,11,33,Evening,6,495,482,6
629,3,5-20-2025,6,4,50,general,9,275,287,4
630,4,11-20-2025,2,7,74,Morning,9,520,495,8
631,6,2-25-2025,4,28,83,Evening,8,874,866,19
632,7,3-18-2025,3,1,49,Morning,11,254,247,6
633,7,11-18-2025,1,15,10,Night,6,983,955,25
634,8,3-16-2025,1,44,42,Morning,9,826,848,13
635,3,1-21-2026,6,6,78,Night,8,240,249,4
636,1,8-23-2025,5,35,52,Evening,12,205,199,3
637,9,12-11-2025,5,21,64,Night,6,957,971,12
638,2,10-24-2025,1,23,16,Morning,8,1185,1187,26
639,1,4-19-2025,4,18,57,Evening,9,703,704,18
640,1,03-06-2025,5,31,1,general,10,478,473,12
641,7,9-23-2025,3,11,86,Night,8,1186,1144,15
642,8,11-08-2025,3,43,20,Morning,11,1154,1211,27
643,2,8-25-2025,4,7,8,Evening,10,361,347,10
644,6,3-28-2025,1,39,31,Evening,8,733,713,19
645,4,11-24-2025,6,5,25,general,7,817,808,21
646,9,6-28-2025,2,43,24,general,7,600,585,11
647,7,11-05-2025,4,30,23,Night,12,308,317,6
648,6,1-28-2026,6,3,32,Evening,6,1133,1171,18
649,7,10-05-2025,3,35,11,Morning,12,396,414,9
650,9,7-25-2025,4,14,15,general,9,215,223,4
651,8,6-14-2025,5,43,44,general,12,534,518,13
652,6,12-30-2025,4,12,78,Morning,10,943,899,13
653,6,09-02-2025,4,22,67,Night,6,557,573,7
654,4,9-14-2025,1,3,66,Morning,11,989,955,18
655,3,9-26-2025,6,4,9,Morning,7,449,444,11
656,4,08-12-2025,1,13,3,general,6,251,239,6
657,9,8-22-2025,1,23,75,Evening,9,866,844,24
658,1,06-01-2025,6,21,49,general,12,596,605,16
659,3,2-17-2026,6,42,25,Morning,9,402,402,6
660,4,1-29-2026,2,32,79,Evening,8,857,868,12
661,2,12-13-2025,6,39,21,Morning,7,644,643,18
662,2,04-03-2025,6,12,83,general,12,458,474,6
663,7,5-27-2025,4,28,57,Night,12,824,785,23
664,3,6-27-2025,2,38,87,general,6,1119,1164,31
665,8,2-27-2025,6,20,8,general,6,606,613,11
666,2,06-01-2025,3,13,47,Morning,10,848,828,20
667,7,12-20-2025,5,16,53,Evening,7,1001,1008,23
668,4,03-10-2025,2,31,59,general,12,457,478,9
669,1,05-12-2025,3,33,23,Evening,7,326,325,9
670,2,2-17-2026,1,37,21,Night,11,1186,1207,32
671,8,03-08-2025,1,36,33,Morning,7,848,813,8
672,6,8-20-2025,6,35,9,Night,6,487,507,8
673,1,12-25-2025,2,35,58,Morning,11,450,468,9
674,4,7-31-2025,1,20,16,general,8,1134,1097,14
675,3,06-12-2025,4,4,62,Evening,11,836,850,25
676,2,8-31-2025,5,44,63,Night,11,323,330,4
677,5,06-04-2025,4,30,69,Evening,12,988,961,19
678,5,11-25-2025,2,7,25,general,10,209,205,2
679,4,08-04-2025,4,1,17,general,11,1096,1145,21
680,3,9-20-2025,1,30,23,Night,8,625,646,11
681,3,05-05-2025,5,35,8,Evening,7,670,657,18
682,3,11-22-2025,3,23,90,Night,9,243,234,5
683,9,6-19-2025,6,33,58,Night,11,659,631,10
684,1,09-04-2025,1,42,89,Night,9,665,667,14
685,6,10-18-2025,5,18,62,Evening,12,825,792,18
686,5,12-11-2025,4,37,45,Night,12,461,452,9
687,7,4-22-2025,1,45,9,Morning,11,846,863,14
688,6,10-05-2025,3,13,48,Morning,6,770,740,7
689,7,07-01-2025,6,20,52,general,12,604,608,18
690,3,9-28-2025,4,20,57,Evening,7,442,459,11
691,6,3-29-2025,3,34,62,Morning,12,496,518,10
692,5,3-15-2025,6,40,40,Evening,10,538,516,10
693,6,4-23-2025,1,32,55,Morning,12,485,499,12
694,1,08-06-2025,1,5,31,general,9,379,392,12
695,3,09-10-2025,2,17,5,Evening,9,508,523,9
696,8,01-06-2026,6,44,14,general,6,587,572,17
697,3,03-01-2025,3,10,81,Evening,9,1022,1021,14
698,7,1-28-2026,3,32,83,general,11,1106,1158,12
699,3,4-25-2025,5,2,45,Morning,10,539,554,9
700,5,10-17-2025,1,8,27,Evening,7,802,820,9
701,8,02-01-2026,5,41,87,Morning,7,1093,1142,28
702,6,6-29-2025,3,14,42,Night,9,617,611,15
703,9,12-09-2025,5,36,62,general,10,1149,1178,14
704,5,01-08-2026,2,3,37,Evening,12,1054,1099,25
705,3,6-14-2025,1,35,62,Night,8,840,820,12
706,5,04-06-2025,2,35,62,Evening,11,283,283,7
707,2,2-19-2026,1,18,69,Morning,12,587,592,11
708,3,06-02-2025,2,15,68,general,9,1048,1038,27
709,5,01-12-2026,6,10,60,Morning,8,748,741,15
710,4,11-03-2025,1,4,47,Morning,7,762,791,19
711,2,10-08-2025,6,17,1,Evening,11,1027,1064,28
712,1,7-29-2025,5,21,90,Morning,11,308,309,4
713,4,08-08-2025,3,24,52,Evening,11,324,325,3
714,2,08-09-2025,5,33,15,Night,12,650,633,15
715,9,9-17-2025,2,42,80,general,10,1132,1136,30
716,4,12-13-2025,2,40,77,general,11,619,616,11
717,6,10-01-2025,6,3,30,Night,7,943,950,21
718,2,08-11-2025,6,10,24,general,12,1104,1050,28
719,3,2-20-2026,6,8,39,Evening,7,343,337,8
720,4,8-24-2025,2,20,40,Night,6,651,620,15
721,2,8-31-2025,5,6,90,Night,7,952,986,13
722,1,06-04-2025,6,43,86,Night,7,593,580,14
723,3,07-10-2025,3,45,83,Morning,8,1082,1077,15
724,1,11-05-2025,6,13,35,Morning,7,1033,1017,17
725,5,5-14-2025,6,4,50,general,8,1051,1010,21
726,2,08-07-2025,2,41,6,Evening,12,1183,1160,34
727,9,2-13-2026,6,25,65,Night,6,933,973,19
728,8,3-13-2025,6,34,6,Morning,12,627,638,8
729,6,05-08-2025,3,32,59,Night,12,305,302,3
730,5,5-23-2025,5,9,3,Night,11,435,448,10
731,6,4-25-2025,4,30,12,Night,8,1135,1142,22
732,9,8-18-2025,1,21,48,Night,10,266,262,4
733,7,10-02-2025,1,36,1,Night,12,902,864,10
734,7,05-02-2025,3,26,79,Evening,7,825,784,15
735,6,10-14-2025,5,45,69,Night,11,404,410,11
736,4,7-17-2025,6,9,12,Night,8,821,802,23
737,6,10-05-2025,1,28,82,Evening,8,608,584,11
738,6,6-22-2025,2,36,58,Morning,10,1009,984,24
739,7,2-21-2026,5,20,36,Night,9,850,890,25
740,3,6-27-2025,2,1,12,Evening,12,869,911,25
741,8,12-17-2025,2,34,90,general,11,343,333,7
742,3,10-02-2025,5,10,77,Night,10,1148,1170,21
743,8,1-23-2026,5,15,17,Evening,7,721,730,10
744,3,7-31-2025,6,19,53,general,6,405,408,5
745,5,7-28-2025,6,30,65,general,7,1146,1201,31
746,3,06-11-2025,3,3,71,general,7,737,741,19
747,8,5-27-2025,2,38,15,Night,8,690,707,18
748,5,05-09-2025,2,33,55,Night,11,943,966,16
749,4,3-25-2025,1,38,77,general,8,801,817,19
750,3,4-27-2025,3,36,6,general,7,374,393,8
751,9,12-30-2025,4,40,21,Night,10,569,558,13
752,1,05-12-2025,2,6,41,Morning,10,781,777,16
753,9,04-02-2025,5,3,24,Morning,9,404,412,5
754,6,9-24-2025,3,17,56,Morning,11,1049,998,14
755,7,08-03-2025,1,32,32,Morning,12,1022,1005,22
756,8,7-17-2025,5,7,34,Evening,11,873,895,12
757,6,2-27-2025,4,37,64,general,10,1162,1160,22
758,9,2-17-2026,2,40,55,Evening,12,952,935,12
759,6,10-28-2025,2,8,23,general,9,317,323,6
760,9,12-10-2025,4,17,2,Night,10,989,991,21
761,6,5-20-2025,2,6,7,general,9,768,787,19
762,6,10-11-2025,6,37,20,Morning,12,1127,1095,17
763,7,06-03-2025,2,23,51,Morning,8,313,312,4
764,4,7-19-2025,3,20,44,Morning,10,858,850,12
765,7,04-09-2025,3,17,88,Morning,11,1169,1125,17
766,8,10-19-2025,3,36,87,Morning,12,236,246,3
767,3,03-09-2025,1,32,61,general,12,1166,1167,22
768,8,9-14-2025,1,14,18,Morning,11,655,644,9
769,1,10-20-2025,4,5,9,Evening,9,259,258,8
770,8,10-11-2025,3,34,14,Night,10,287,292,7
771,8,6-18-2025,2,10,55,Morning,8,213,215,5
772,9,08-12-2025,2,24,44,Evening,6,1122,1072,11
773,3,4-30-2025,2,9,78,Night,10,807,796,11
774,5,11-08-2025,2,42,45,Night,6,430,445,9
775,6,4-14-2025,3,45,51,Night,11,391,382,10
776,8,10-21-2025,1,43,66,Night,10,352,355,10
777,6,1-30-2026,1,43,22,Morning,10,1124,1078,17
778,8,12-11-2025,5,36,62,general,8,546,538,9
779,3,9-15-2025,5,10,15,Night,6,977,939,28
780,9,02-04-2026,2,8,38,Morning,6,1142,1125,26
781,4,08-11-2025,2,33,75,Morning,8,311,314,8
782,5,01-03-2026,5,32,12,Evening,8,407,424,9
783,1,6-28-2025,1,42,31,Evening,10,934,901,12
784,4,06-05-2025,2,10,23,Morning,9,381,384,9
785,5,10-01-2025,4,32,22,Morning,6,250,259,7
786,3,10-20-2025,5,21,33,Night,6,611,621,13
787,2,11-29-2025,4,23,13,Morning,10,459,451,11
788,3,1-27-2026,3,5,28,Evening,11,231,225,3
789,2,12-20-2025,6,14,87,general,8,656,627,12
790,5,09-04-2025,5,24,4,general,10,998,997,29
791,6,10-17-2025,1,37,42,Night,10,654,640,12
792,6,11-19-2025,4,18,2,general,10,667,695,16
793,9,8-14-2025,2,11,10,Night,11,633,654,19
794,5,5-25-2025,5,31,12,general,11,805,803,11
795,5,12-08-2025,6,14,82,Evening,12,608,586,9
796,4,11-21-2025,4,21,54,general,9,871,904,22
797,9,02-08-2026,6,45,6,general,6,721,748,20
798,3,10-22-2025,2,25,64,Morning,7,219,224,6
799,5,03-03-2025,3,32,90,general,8,291,297,5
800,6,01-03-2026,5,31,79,Night,7,1031,1025,30
801,5,08-08-2025,5,28,62,general,11,768,795,22
802,9,07-02-2025,3,43,38,general,10,1013,1006,17
803,6,07-03-2025,4,37,41,Morning,9,861,818,21
804,4,9-17-2025,3,18,12,general,12,363,361,10
805,1,2-24-2025,1,19,45,Night,11,485,461,9
806,4,08-06-2025,6,42,82,general,12,531,518,9
807,9,11-07-2025,6,32,75,Evening,6,343,353,4
808,6,06-05-2025,1,3,60,Night,12,740,738,14
809,3,4-20-2025,5,41,45,Morning,6,1035,1003,11
810,8,09-05-2025,1,24,22,Evening,11,546,544,8
811,8,10-07-2025,2,12,69,general,12,807,810,9
812,7,8-22-2025,5,41,14,Morning,7,1131,1098,15
813,5,08-12-2025,1,22,75,general,9,603,614,14
814,7,11-17-2025,5,21,2,Evening,12,686,673,18
815,3,03-05-2025,3,21,5,Night,8,731,752,15
816,8,9-13-2025,2,29,30,Evening,10,816,795,14
817,6,11-22-2025,2,32,10,Morning,8,985,1033,31
818,6,12-12-2025,2,32,63,Evening,9,955,996,29
819,4,06-11-2025,2,41,90,Evening,8,802,807,17
820,1,03-09-2025,5,9,31,general,7,671,645,18
821,4,8-19-2025,1,10,2,general,6,1199,1223,24
822,5,12-07-2025,2,6,48,Morning,9,1004,1027,16
823,4,05-06-2025,6,4,76,Morning,12,701,684,15
824,5,1-14-2026,1,24,60,Evening,9,923,938,19
825,1,4-26-2025,3,24,51,Night,8,828,828,24
826,9,04-01-2025,4,42,80,Evening,7,1007,1017,11
827,8,12-06-2025,1,23,70,Night,12,664,633,15
828,6,08-01-2025,5,44,44,Evening,7,1164,1192,14
829,6,1-29-2026,3,38,88,Night,8,758,790,18
830,8,08-09-2025,1,31,62,Night,9,440,422,6
831,3,8-24-2025,5,42,4,Night,9,1122,1158,34
832,9,11-03-2025,2,32,41,Evening,11,461,479,6
833,9,4-16-2025,1,15,39,general,12,316,320,7
834,2,3-17-2025,5,8,32,Evening,9,644,671,8
835,3,11-07-2025,4,36,49,Morning,11,656,631,10
836,1,3-25-2025,3,31,16,Morning,8,506,507,14
837,6,10-31-2025,3,34,9,Morning,6,599,605,17
838,7,06-09-2025,6,40,45,Night,8,1191,1145,33
839,5,8-23-2025,6,1,86,Night,8,1118,1082,20
840,8,11-12-2025,1,16,13,Night,11,941,909,16
841,7,1-30-2026,5,42,55,Night,9,716,720,20
842,7,03-05-2025,4,38,66,Morning,7,604,628,12
843,9,12-24-2025,2,32,65,general,10,204,198,4
844,7,06-12-2025,3,14,24,Night,10,274,274,7
845,2,12-21-2025,2,26,75,Night,6,1197,1254,32
846,4,2-15-2026,6,38,42,Night,7,949,919,15
847,3,5-29-2025,3,22,60,Night,12,849,853,18
848,7,9-13-2025,1,9,17,Night,12,1119,1120,29
849,7,12-09-2025,3,19,64,Evening,9,410,402,9
850,2,02-05-2026,3,16,1,Night,12,266,272,3
851,8,11-19-2025,1,11,67,Evening,9,693,692,12
852,8,3-26-2025,4,16,31,Morning,9,1091,1103,21
853,6,2-18-2026,1,35,69,Night,9,412,394,10
854,1,6-13-2025,2,14,28,Night,6,266,276,5
855,4,3-29-2025,2,5,32,Night,10,981,1021,12
856,4,5-13-2025,2,13,23,Morning,12,437,435,9
857,3,8-24-2025,3,27,30,general,7,230,223,3
858,8,7-16-2025,1,24,38,Night,6,298,305,6
859,8,03-02-2025,2,36,35,general,6,739,758,10
860,3,3-26-2025,4,10,13,general,8,882,854,24
861,2,12-27-2025,2,4,79,general,11,523,510,9
862,3,5-21-2025,2,38,51,Morning,7,884,922,14
863,5,3-26-2025,6,41,22,Night,11,569,544,10
864,4,02-05-2026,5,44,10,Evening,8,1077,1045,25
865,1,05-03-2025,1,39,51,Morning,10,400,402,11
866,9,9-27-2025,2,7,90,Evening,9,463,464,11
867,1,7-31-2025,4,5,63,Morning,6,780,794,8
868,2,12-01-2025,6,4,86,Evening,9,1027,988,28
869,4,11-13-2025,5,3,7,Evening,11,1128,1114,14
870,5,11-22-2025,4,44,9,Night,6,1154,1147,20
871,3,08-03-2025,3,42,73,Morning,8,821,858,22
872,1,03-12-2025,2,18,28,Night,7,1019,1067,24
873,3,02-09-2026,3,17,8,Night,12,433,414,11
874,4,1-20-2026,5,39,30,general,10,474,477,6
875,5,12-30-2025,5,38,5,general,10,847,831,9
876,2,08-05-2025,5,37,13,Morning,12,517,513,7
877,8,08-12-2025,3,42,11,Morning,10,506,513,15
878,7,08-03-2025,4,37,36,Evening,11,458,455,9
879,2,5-17-2025,5,20,74,Evening,6,997,1029,12
880,1,9-19-2025,4,45,75,Morning,12,1157,1106,18
881,5,2-21-2026,6,24,54,general,6,201,194,4
882,4,10-12-2025,4,38,17,Morning,12,370,356,7
883,5,02-05-2026,3,27,56,Evening,6,432,440,10
884,2,1-25-2026,2,32,32,Morning,11,1113,1134,31
885,4,8-15-2025,5,27,69,general,12,919,907,23
886,5,9-26-2025,3,31,59,Night,7,211,210,4
887,5,4-16-2025,1,42,82,Night,8,477,481,9
888,9,12-13-2025,4,9,84,Night,9,1000,994,11
889,9,5-23-2025,1,38,3,Morning,6,830,832,17
890,1,6-27-2025,6,6,77,Night,9,754,727,12
891,5,8-29-2025,5,33,75,Evening,10,948,931,18
892,6,11-08-2025,3,23,5,Night,12,939,919,23
893,6,8-21-2025,5,22,13,general,9,758,739,16
894,5,1-18-2026,3,30,75,Night,7,667,688,15
895,4,8-18-2025,3,20,86,Evening,10,202,194,3
896,2,01-08-2026,6,21,11,Evening,10,769,762,11
897,7,2-26-2025,3,18,46,Evening,9,242,237,4
898,9,7-25-2025,2,24,18,Night,12,342,333,8
899,7,07-11-2025,3,7,86,Evening,8,1093,1052,13
900,6,02-05-2026,4,16,8,Evening,12,850,842,10
901,7,10-27-2025,4,13,28,Evening,8,418,410,6
902,7,10-17-2025,1,27,10,general,8,1012,1038,25
903,4,2-19-2026,4,36,7,Evening,7,223,229,3
904,2,1-30-2026,6,33,11,general,8,1153,1186,19
905,7,03-03-2025,1,45,34,Evening,10,357,356,4
906,6,12-08-2025,2,9,69,Night,11,1073,1045,14
907,2,06-06-2025,1,30,13,Morning,11,763,743,19
908,4,06-01-2025,3,19,69,Evening,12,524,516,8
909,6,9-30-2025,5,44,42,Morning,9,690,710,15
910,7,11-30-2025,1,9,40,Evening,11,412,422,5
911,3,9-16-2025,1,8,20,Evening,10,613,601,18
912,5,09-11-2025,4,34,18,general,12,682,658,9
913,9,4-29-2025,3,5,12,Evening,6,1002,954,22
914,2,03-03-2025,6,45,63,Morning,12,482,473,10
915,4,6-25-2025,1,22,20,general,7,396,406,6
916,9,09-11-2025,6,41,35,Evening,6,259,251,5
917,1,9-16-2025,3,40,39,Evening,11,451,467,8
918,7,11-13-2025,4,3,37,Evening,10,963,940,20
919,8,8-22-2025,2,31,88,general,10,391,378,9
920,9,03-08-2025,6,32,71,Night,6,1133,1115,24
921,7,12-24-2025,6,15,73,Night,11,1192,1151,30
922,5,7-19-2025,1,45,73,Night,8,543,524,7
923,3,3-25-2025,4,40,85,Night,12,872,915,18
924,7,02-09-2026,4,25,11,general,7,442,430,9
925,9,1-16-2026,1,33,63,Night,6,1140,1183,25
926,2,7-31-2025,3,18,22,Morning,12,1083,1135,31
927,9,4-18-2025,3,22,29,Morning,12,1049,1101,13
928,5,2-22-2025,4,10,1,Morning,11,990,999,11
929,8,10-22-2025,2,45,1,general,7,216,208,5
930,5,04-04-2025,2,25,26,Evening,10,683,705,20
931,2,09-04-2025,1,40,66,Morning,12,479,479,10
932,5,9-18-2025,3,34,8,general,7,1085,1118,24
933,7,3-18-2025,6,43,86,Evening,9,451,432,11
934,5,4-17-2025,3,43,89,Night,7,421,413,4
935,9,6-16-2025,1,14,16,general,11,1042,1019,18
936,1,10-28-2025,2,23,9,general,9,425,442,7
937,9,5-26-2025,2,30,77,general,10,293,294,5
938,4,6-18-2025,2,32,83,Evening,11,704,691,12
939,6,8-22-2025,1,2,34,Evening,7,998,981,24
940,3,8-22-2025,1,5,47,general,11,909,869,13
941,8,11-24-2025,1,35,65,general,12,404,404,8
942,9,6-17-2025,3,6,46,general,7,495,478,14
943,4,12-04-2025,2,45,50,Morning,8,894,898,23
944,7,6-22-2025,4,25,65,Night,6,488,510,10
945,8,7-26-2025,6,19,82,Night,10,804,825,23
946,6,2-17-2026,3,34,2,Night,7,1134,1088,13
947,8,4-24-2025,5,21,22,Night,9,1127,1082,23
948,4,4-23-2025,6,13,74,Morning,11,552,529,13
949,6,11-16-2025,2,36,13,general,8,242,250,6
950,3,8-14-2025,4,37,27,general,11,895,859,16
951,5,11-25-2025,3,24,72,Morning,8,1137,1177,27
952,5,04-07-2025,6,36,20,Night,9,1136,1121,27
953,6,05-11-2025,3,21,15,general,12,561,552,13
954,9,07-07-2025,6,6,81,Night,8,917,925,25
955,1,9-26-2025,6,5,27,Night,6,707,710,19
956,5,4-23-2025,2,30,10,Morning,8,878,865,20
957,9,11-27-2025,3,12,3,Morning,7,413,409,10
958,9,08-05-2025,2,15,40,Night,11,654,674,20
959,8,11-06-2025,3,32,26,Morning,7,433,436,12
960,3,3-26-2025,4,18,72,Morning,11,923,952,20
961,6,09-01-2025,4,39,9,Evening,6,1142,1157,31
962,9,4-30-2025,5,35,78,Morning,7,226,226,4
963,5,7-21-2025,6,11,36,Morning,10,523,536,15
964,6,11-09-2025,5,11,29,Evening,8,689,718,16
965,8,5-18-2025,1,17,9,general,11,921,911,27
966,9,05-10-2025,3,5,27,Night,10,741,732,13
967,8,4-15-2025,3,12,64,Evening,6,539,565,13
968,2,10-11-2025,2,12,22,Evening,8,978,1019,28
969,2,05-02-2025,1,4,87,Night,6,858,889,26
970,9,10-22-2025,5,15,59,general,7,974,1008,16
971,5,08-10-2025,2,9,53,general,8,401,416,4
972,5,10-29-2025,3,11,31,Evening,6,814,833,21
973,7,7-15-2025,4,41,63,Evening,11,469,483,6
974,1,3-26-2025,3,24,85,Evening,7,678,659,16
975,9,6-25-2025,2,1,43,Night,11,1113,1123,30
976,1,10-22-2025,3,42,68,Night,7,574,546,6
977,5,01-06-2026,2,42,6,Morning,8,214,217,2
978,7,11-04-2025,1,32,69,Night,12,1186,1175,27
979,5,12-19-2025,4,3,48,Morning,6,469,462,10
980,9,04-07-2025,2,28,21,Evening,12,652,633,8
981,1,10-14-2025,6,37,55,Night,7,539,518,7
982,7,06-03-2025,6,45,50,Evening,6,982,941,17
983,9,09-11-2025,1,14,46,Evening,6,784,812,18
984,4,12-07-2025,5,18,54,Morning,11,252,248,7
985,1,7-31-2025,3,20,45,Evening,7,1149,1162,28
986,2,03-11-2025,4,11,46,Night,6,880,899,15
987,2,1-25-2026,3,8,69,Night,10,786,812,8
988,3,11-11-2025,4,8,12,Evening,11,652,620,18
989,7,10-05-2025,1,28,84,Night,7,545,548,16
990,2,02-01-2026,5,36,10,Night,6,418,413,8
991,8,12-30-2025,5,39,68,Evening,7,381,367,7
992,5,11-18-2025,3,22,72,Morning,8,455,449,13
993,7,4-29-2025,3,4,14,Night,12,1195,1245,18
994,7,10-22-2025,2,3,75,Morning,6,737,705,12
995,2,10-19-2025,1,23,32,Morning,11,462,448,12
996,9,3-26-2025,3,13,86,Morning,10,387,381,11
997,6,7-29-2025,3,34,59,Morning,9,1066,1064,16
998,9,09-07-2025,2,5,59,general,12,742,764,18
999,4,12-14-2025,4,37,86,general,10,205,214,6
